Yr,Mth,Kind,CardName,InQty,OutQty,Lines
2025,4,13,SHAROFF STEEL SUPPLIERS(JW),0.000000,73.621300,11
2025,4,Issued to process (GI),WIP - Jobwork,0.000000,73.621300,17
2025,4,Processed (GR),WIP - Jobwork,73.621300,0.000000,17
2025,4,Received (GRPO),SHAROFF STEEL SUPPLIERS,20.765000,0.000000,1
2025,5,13,SHAROFF STEEL SUPPLIERS(JW),0.000000,64.340000,5
2025,5,Issued to process (GI),WIP - Jobwork,0.000000,64.340000,11
2025,5,Processed (GR),WIP - Jobwork,64.340000,0.000000,11
2025,5,Received (GRPO),SHAROFF STEEL SUPPLIERS,42.690000,0.000000,2
2025,7,13,SHAROFF STEEL SUPPLIERS(JW),0.000000,20.920000,1
2025,7,Issued to process (GI),WIP - Jobwork,0.000000,20.920000,4
2025,7,Processed (GR),WIP - Jobwork,20.920000,0.000000,4
2025,11,Received (GRPO),ROJA STEELS,178.145000,0.000000,8
2025,12,13,ROJA STEELS,0.000000,94.550000,4
2025,12,Issued to process (GI),WIP - Jobwork,0.000000,94.550000,6
2025,12,Processed (GR),WIP - Jobwork,94.550000,0.000000,6
2026,1,13,ROJA STEELS,0.000000,20.810000,1
2026,1,Issued to process (GI),WIP - Jobwork,0.000000,20.810000,4
2026,1,Processed (GR),WIP - Jobwork,20.810000,0.000000,4
2026,3,13,ROJA STEELS,0.000000,62.785000,3
2026,3,13,WHEELS INDIA LIMITED (CUSTOMER),0.000000,55.730000,5
2026,3,Issued to process (GI),Stock Regrouping,0.000000,45.529500,4
2026,3,Issued to process (GI),WIP - Jobwork,0.000000,132.430000,20
2026,3,Processed (GR),Stock Regrouping,36.403000,0.000000,4
2026,3,Processed (GR),WIP - Jobwork,121.175000,0.000000,19
2026,3,Received (GRPO),WHEELS INDIA LIMITED (VENDOR),449.350000,0.000000,18
2026,3,Received (Transfer),,20.381500,0.000000,2
2026,3,Received (Transfer),BHARAT STEEL (CHENNAI) PRIVATE LIMITED (CHENNAI),23.270000,0.000000,1
2026,4,Dispatched (Delivery),WHEELS INDIA LIMITED (CUSTOMER),49.370000,610.759200,81
2026,4,Issued to process (GI),Stock Regrouping,0.000000,237.434800,27
2026,4,Issued to process (GI),WIP - Jobwork,0.000000,567.465000,94
2026,4,Processed (GR),Stock Regrouping,257.811100,0.000000,33
2026,4,Processed (GR),WIP - Jobwork,547.088700,0.000000,95
2026,4,Received (GRPO),WHEELS INDIA LIMITED (VENDOR),368.745000,0.000000,17
2026,5,Dispatched (Delivery),WHEELS INDIA LIMITED (CUSTOMER),3.043900,313.986200,90
2026,5,Issued to process (GI),Stock Regrouping,0.000000,29.134900,8
2026,5,Issued to process (GI),WIP - Jobwork,0.000000,542.544900,89
2026,5,Processed (GR),Stock Regrouping,29.134900,0.000000,11
2026,5,Processed (GR),WIP - Jobwork,542.544900,0.000000,89
2026,5,Received (GRPO),WHEELS INDIA LIMITED (VENDOR),136.020000,0.000000,6
2026,6,Dispatched (Delivery),CRAYON ROOFINGS & STRUCTURES,0.000000,2.085000,1
2026,6,Dispatched (Delivery),SALEM STAINLESS STEEL SUPPLIERS (P) LTD.,5.055000,10.110000,3
2026,6,Dispatched (Delivery),WHEELS INDIA LIMITED (CUSTOMER),18.755000,561.362200,89
2026,6,Issued to process (GI),Stock Excess / Shortage,0.000000,0.004300,6
2026,6,Issued to process (GI),WIP - Jobwork,0.000000,897.587700,110
2026,6,Processed (GR),WIP - Jobwork,897.750700,0.000000,112
2026,6,Received (GRPO),CRAYON ROOFING & STRUCTURES  (PURCHASE),2.085000,0.000000,1
2026,6,Received (GRPO),SALEM STAINLESS STEEL SUPPLIERS (P) LTD.,5.055000,0.000000,1
2026,6,Received (GRPO),WHEELS INDIA LIMITED (VENDOR),520.700000,0.000000,20
2026,6,Received (Transfer),,0.088000,0.000000,1
2026,6,Received (Transfer),WHEELS INDIA LIMITED (VENDOR),670.545000,0.000000,29
2026,7,Dispatched (Delivery),WHEELS INDIA LIMITED (CUSTOMER),0.000000,664.061000,101
2026,7,Issued to process (GI),Stock Excess / Shortage,0.000000,1.376000,5
2026,7,Issued to process (GI),Stock Regrouping,0.000000,0.361000,6
2026,7,Issued to process (GI),WIP - Jobwork,0.000000,1076.946000,128
2026,7,Processed (GR),Stock Excess / Shortage,0.040000,0.000000,1
2026,7,Processed (GR),Stock Regrouping,0.370000,0.000000,9
2026,7,Processed (GR),WIP - Jobwork,1077.219000,0.000000,129
2026,7,Received (GRPO),WHEELS INDIA LIMITED (VENDOR),45.595000,0.000000,2
2026,7,Received (Transfer),WHEELS INDIA LIMITED (VENDOR),318.260000,0.000000,14
2026,7,Returned (Credit),WHEELS INDIA LIMITED (CUSTOMER),1.120000,0.000000,2
2026,8,Dispatched (Delivery),WHEELS INDIA LIMITED (CUSTOMER),15.120000,621.301000,88
2026,8,Issued to process (GI),Stock Regrouping,0.000000,2.418000,11
2026,8,Issued to process (GI),WIP - Jobwork,0.000000,1047.987000,110
2026,8,Processed (GR),Stock Excess / Shortage,0.016000,0.000000,1
2026,8,Processed (GR),Stock Regrouping,2.418000,0.000000,5
2026,8,Processed (GR),WIP - Jobwork,1048.159000,0.000000,113
2026,8,Received (GRPO),WHEELS INDIA LIMITED (VENDOR),370.501000,0.000000,15
2026,8,Received (Transfer),WHEELS INDIA LIMITED (VENDOR),391.715000,0.000000,17
2026,9,Dispatched (Delivery),CRAYON ROOFINGS & STRUCTURES,0.000000,2.450000,1
2026,9,Dispatched (Delivery),WHEELS INDIA LIMITED (CUSTOMER),0.000000,620.106000,77
2026,9,Issued to process (GI),Stock Regrouping,0.000000,0.638000,2
2026,9,Issued to process (GI),WIP - Jobwork,0.000000,1144.641000,120
2026,9,Processed (GR),Stock Excess / Shortage,0.509000,0.000000,3
2026,9,Processed (GR),Stock Regrouping,1.019000,0.000000,6
2026,9,Processed (GR),WIP - Jobwork,1144.643000,0.000000,121
2026,9,Received (GRPO),CRAYON ROOFING & STRUCTURES  (PURCHASE),2.450000,0.000000,1
2026,9,Received (GRPO),WHEELS INDIA LIMITED (VENDOR),310.663000,0.000000,13
2026,9,Received (Transfer),WHEELS INDIA LIMITED (VENDOR),612.849000,0.000000,28
